买家会员名,买家实际支付金额,收货人姓名,宝贝标题,订单付款时间 
mrhy1,41.86,周某某,零基础学Python,2018/5/16 9:41
mrhy2,41.86,杨某某,零基础学Python,2018/5/9 15:31
mrhy3,48.86,刘某某,零基础学Python,2018/5/25 15:21
mrhy4,48.86,张某某,零基础学Python,2018/5/25 15:21
mrhy5,48.86,赵某某,C#项目开发实战入门,2018/5/25 15:21
mrhy6,48.86,李某某,C#项目开发实战入门,2018/5/25 21:32
mrhy7,104.72,张某某,C语言精彩编程200例,2018/5/21 1:25
mrhy8,55.86,周某某,C语言精彩编程200例,2018/5/6 2:38
mrhy9,79.8,李某某,C语言精彩编程200例,2018/5/28 14:06
mrhy10,29.9,程某某,C语言项目开发实战入门,2018/5/20 10:40
mrhy11,41.86,曹某某,C语言项目开发实战入门,2018/5/9 12:09
mrhy12,41.86,陈某某,C语言项目开发实战入门,2018/5/6 0:19
mrhy13,41.86,郝某某,C语言项目开发实战入门,2018/5/5 23:30
mrhy14,41.86,胡某某,C语言项目开发实战入门,2018/5/5 22:37
mrhy15,41.86,孙某某,C语言项目开发实战入门,2018/5/5 20:35
mrhy16,41.86,余某某,C语言项目开发实战入门,2018/5/12 21:14
mrhy17,48.86,郭某某,JavaWeb项目开发实战入门,2018/5/5 19:54
mrhy18,48.86,阿某某,JavaWeb项目开发实战入门,2018/5/4 7:46
mrhy19,48.86,高某某,JavaWeb项目开发实战入门,2018/5/23 0:12
mrhy20,1268,许某某,Java编程词典珍藏版,2018/5/27 0:08
mrhy21,195.44,陈某某,Java程序开发全能学习黄金套装,2018/5/14 19:40
mrhy22,195.44,张某某,Java程序开发全能学习黄金套装,2018/5/29 13:21
mrhy23,97.72,李某某,Java精彩编程200例,2018/5/20 17:13
mrhy24,41.86,素某某,Java项目开发实战入门,2018/5/9 14:36
mrhy25,41.86,闫某某,Java项目开发实战入门,2018/5/5 15:18
mrhy26,41.86,陈某某,Java项目开发实战入门,2018/5/12 2:23
mrhy27,48.86,刘某某,JSP项目开发实战入门,2018/5/4 7:52
mrhy28,48.86,高某某,JSP项目开发实战入门,2018/5/30 22:04
mrhy29,34.86,孟某某,SQL即查即用,2018/5/28 0:26
mrhy30,34.86,郑某某,SQL即查即用,2018/5/27 8:58
mrhy31,34.86,熊某某,SQL即查即用,2018/5/23 17:37
mrhy32,90.72,严某某,SQL即查即用,2018/5/27 21:41
mrhy33,55.86,胡某某,Visual Basic精彩编程200例,2018/5/22 12:51
mrhy34,55.86,额某某,Visual Basic精彩编程200例,2018/5/9 14:54
mrhy35,55.86,许某某,Visual Basic精彩编程200例,2018/5/8 12:39
mrhy36,55.86,陈某某,Visual Basic精彩编程200例,2018/5/1 16:34
mrhy37,55.86,刘某某,Visual Basic精彩编程200例,2018/5/19 13:12
mrhy38,62.86,方某某,零基础学Android,2018/5/18 14:48
mrhy39,62.86,张某某,零基础学Android,2018/5/11 13:27
mrhy40,55.86,毛某某,零基础学C#,2018/5/9 16:29
mrhy41,55.86,林某某,零基础学C#,2018/5/9 8:41
mrhy42,55.86,李某某,零基础学C#,2018/5/15 17:15
mrhy43,48.86,晏某某,零基础学C语言,2018/5/24 19:38
mrhy44,48.86,程某某,零基础学C语言,2018/5/10 10:53
mrhy45,48.86,杨某某,零基础学Java,2018/5/8 16:21
mrhy46,48.86,张某某,零基础学Java,2018/5/5 12:43
mrhy47,48.86,王某某,零基础学Java,2018/5/3 22:44
mrhy48,48.86,王某某,零基础学Java,2018/5/3 21:24
mrhy49,48.86,高某某,零基础学Java,2018/5/1 9:25
mrhy50,48.86,李某某,零基础学Java,2018/5/26 22:31
